generation #, # alive cells, # dead cells, BORN, KILLED, avg x pos, avg y pos, 9 seconds to execute
0,1232,9584,0,0,0,0
1,778,10038,318,772,51,51
2,728,10088,335,385,52,51
3,738,10078,356,346,52,51
4,727,10089,329,340,52,52
5,679,10137,310,358,53,52
6,632,10184,276,323,53,52
7,577,10239,260,315,54,51
8,556,10260,246,267,53,51
9,555,10261,251,252,53,51
10,587,10229,258,226,53,51
11,606,10210,257,238,53,50
12,541,10275,250,315,53,51
13,552,10264,230,219,52,50
14,534,10282,223,241,53,51
15,535,10281,230,229,52,52
16,476,10340,193,252,52,51
17,482,10334,192,186,52,52
18,498,10318,208,192,51,52
19,532,10284,212,178,51,53
20,531,10285,229,230,50,53
21,575,10241,251,207,50,53
22,529,10287,235,281,50,53
23,541,10275,226,214,51,52
24,568,10248,257,230,50,51
25,545,10271,245,268,51,50
26,549,10267,236,232,50,51
27,525,10291,242,266,49,50
28,528,10288,236,233,49,50
29,528,10288,236,236,49,50
30,504,10312,224,248,49,50
31,540,10276,225,189,49,51
32,531,10285,223,232,49,51
33,531,10285,221,221,51,49
34,512,10304,206,225,50,50
35,536,10280,222,198,50,50
36,526,10290,209,219,50,49
37,516,10300,197,207,49,49
38,531,10285,213,198,51,49
39,521,10295,214,224,50,50
40,532,10284,206,195,51,49
41,527,10289,198,203,50,50
42,521,10295,212,218,50,50
43,467,10349,180,234,51,49
44,463,10353,181,185,50,50
45,450,10366,168,181,49,49
46,461,10355,178,167,49,49
47,417,10399,160,204,49,48
48,435,10381,174,156,48,48
49,428,10388,166,173,48,50
50,435,10381,176,169,48,49
51,415,10401,163,183,49,49
52,430,10386,178,163,47,49
53,436,10380,174,168,48,49
54,439,10377,166,163,48,50
55,437,10379,165,167,49,49
56,424,10392,164,177,49,50
57,440,10376,186,170,49,49
58,428,10388,170,182,49,50
59,464,10352,195,159,50,51
60,469,10347,183,178,50,51
61,454,10362,198,213,49,50
62,457,10359,195,192,48,50
63,453,10363,180,184,50,50
64,435,10381,181,199,50,50
65,433,10383,171,173,51,51
66,427,10389,170,176,51,51
67,410,10406,162,179,52,51
68,401,10415,170,179,53,50
69,405,10411,158,154,54,50
70,388,10428,155,172,54,51
71,364,10452,139,163,53,49
72,383,10433,148,129,53,50
73,354,10462,116,145,52,49
74,379,10437,131,106,52,49
75,369,10447,151,161,51,49
76,384,10432,135,120,52,49
77,377,10439,138,145,50,49
78,377,10439,132,132,50,49
79,368,10448,142,151,51,50
80,399,10417,167,136,52,50
81,384,10432,156,171,50,50
82,384,10432,149,149,49,49
83,349,10467,143,178,49,51
84,358,10458,143,134,48,49
85,347,10469,132,143,49,50
86,344,10472,130,133,49,49
87,327,10489,121,138,51,50
88,318,10498,106,115,50,50
89,310,10506,110,118,50,50
90,287,10529,99,122,49,49
91,280,10536,97,104,50,48
92,273,10543,98,105,49,49
93,273,10543,98,98,48,49
94,253,10563,81,101,48,49
95,248,10568,76,81,50,48
96,264,10552,81,65,49,48
97,276,10540,85,73,49,48
98,288,10528,93,81,49,49
99,275,10541,100,113,50,49
100,273,10543,94,96,50,49
101,285,10531,100,86,52,49
102,287,10529,103,101,51,47
103,325,10491,128,90,53,46
104,312,10504,112,125,52,47
105,316,10500,126,122,51,46
106,289,10527,113,140,51,47
107,304,10512,122,107,50,46
108,290,10526,96,110,51,45
109,298,10518,117,109,50,45
110,283,10533,104,119,50,45
111,294,10522,111,100,50,45
112,287,10529,108,115,49,44
113,308,10508,113,92,49,45
114,312,10504,118,114,48,44
115,300,10516,112,124,50,45
116,307,10509,109,102,50,46
117,305,10511,118,120,51,46
118,305,10511,117,117,50,47
119,319,10497,124,110,50,48
120,311,10505,108,116,51,47
121,301,10515,109,119,51,47
122,316,10500,121,106,53,47
123,313,10503,113,116,53,49
124,329,10487,117,101,54,48
125,316,10500,117,130,54,48
126,313,10503,112,115,53,49
127,315,10501,118,116,53,49
128,312,10504,101,104,52,48
129,313,10503,105,104,50,47
130,289,10527,99,123,50,49
131,287,10529,100,102,50,49
132,297,10519,100,90,50,49
133,301,10515,98,94,51,51
134,292,10524,98,107,48,49
135,286,10530,110,116,49,49
136,277,10539,97,106,46,48
137,281,10535,101,97,46,48
138,285,10531,88,84,44,47
139,289,10527,103,99,46,47
140,295,10521,95,89,45,47
141,313,10503,104,86,46,47
142,326,10490,112,99,44,47
143,336,10480,129,119,46,47
144,329,10487,130,137,44,46
145,339,10477,123,113,45,46
146,334,10482,132,137,44,47
147,360,10456,136,110,45,47
148,328,10488,138,170,45,46
149,351,10465,134,111,46,47
150,369,10447,146,128,45,47
151,373,10443,148,144,47,48
152,371,10445,145,147,45,48
153,367,10449,144,148,47,49
154,401,10415,154,120,46,48
155,408,10408,151,144,45,49
156,423,10393,161,146,46,49
157,428,10388,170,165,46,48
158,431,10385,192,189,46,49
159,458,10358,188,161,46,48
160,450,10366,188,196,45,49
161,446,10370,184,188,48,50
162,415,10401,171,202,47,50
163,437,10379,161,139,48,51
164,436,10380,168,169,48,50
165,431,10385,168,173,49,50
166,422,10394,158,167,48,49
167,422,10394,171,171,49,50
168,423,10393,170,169,49,50
169,389,10427,147,181,49,51
170,395,10421,153,147,49,50
171,372,10444,137,160,48,50
172,381,10435,151,142,50,50
173,387,10429,153,147,50,49
174,376,10440,128,139,49,51
175,373,10443,125,128,48,51
176,390,10426,139,122,48,53
177,377,10439,133,146,45,51
178,362,10454,137,152,46,52
179,376,10440,142,128,44,51
180,379,10437,153,150,46,51
181,379,10437,145,145,44,52
182,375,10441,145,149,45,52
183,384,10432,136,127,45,51
184,402,10414,147,129,45,52
185,390,10426,148,160,42,50
186,373,10443,132,149,43,52
187,383,10433,132,122,43,52
188,403,10413,153,133,42,51
189,406,10410,143,140,42,51
190,390,10426,137,153,42,50
191,362,10454,122,150,43,50
192,373,10443,134,123,43,50
193,382,10434,148,139,42,51
194,429,10387,160,113,42,51
195,418,10398,160,171,41,52
196,430,10386,163,151,41,52
197,435,10381,163,158,43,52
198,444,10372,177,168,42,53
199,453,10363,173,164,43,54
200,434,10382,162,181,42,52
201,434,10382,160,160,42,52
202,434,10382,161,161,42,53
203,446,10370,168,156,41,53
204,449,10367,169,166,42,53
205,457,10359,182,174,41,53
206,450,10366,170,177,43,54
207,457,10359,172,165,43,53
208,430,10386,163,190,44,54
209,448,10368,169,151,44,54
210,418,10398,148,178,44,54
211,435,10381,177,158,45,54
212,430,10386,164,169,45,55
213,398,10418,140,172,45,54
214,424,10392,172,146,44,54
215,381,10435,126,169,42,52
216,371,10445,127,137,45,54
217,355,10461,127,143,43,54
218,375,10441,134,114,44,54
219,369,10447,133,139,44,53
220,379,10437,145,135,43,53
221,388,10428,142,133,43,54
222,386,10430,141,143,43,53
223,391,10425,130,125,43,53
224,390,10426,139,140,44,54
225,383,10433,127,134,43,53
226,354,10462,135,164,44,53
227,358,10458,125,121,42,52
228,351,10465,115,122,43,52
229,351,10465,119,119,42,51
230,355,10461,118,114,42,51
231,353,10463,120,122,43,51
232,362,10454,134,125,43,51
233,373,10443,129,118,43,52
234,368,10448,127,132,44,53
235,383,10433,144,129,44,52
236,382,10434,133,134,44,53
237,368,10448,127,141,44,53
238,383,10433,122,107,44,53
239,417,10399,146,112,43,53
240,425,10391,124,116,43,53
241,367,10449,120,177,40,52
242,358,10458,131,140,42,54
243,323,10493,95,130,43,53
244,334,10482,103,92,44,54
245,304,10512,87,117,45,55
246,336,10480,96,64,45,57
247,322,10494,91,105,45,56
248,346,10470,90,66,45,56
249,299,10517,78,125,44,55
250,289,10527,71,81,43,53
251,288,10528,72,73,43,54
252,297,10519,70,61,44,54
253,315,10501,67,49,43,53
254,314,10502,70,71,43,54
255,319,10497,81,76,42,53
256,322,10494,79,76,41,52
257,323,10493,86,85,42,52
258,313,10503,75,85,42,50
259,300,10516,78,91,43,51
260,315,10501,74,59,43,50
261,310,10506,68,73,43,51
262,329,10487,86,67,43,50
263,334,10482,87,82,44,52
264,316,10500,77,95,44,53
265,331,10485,95,80,46,55
266,304,10512,87,114,45,53
267,295,10521,69,78,45,52
268,287,10529,68,76,44,52
269,306,10510,76,57,45,53
270,310,10506,81,77,47,57
271,300,10516,68,78,47,57
272,291,10525,70,79,46,55
273,276,10540,59,74,45,54
274,281,10535,55,50,45,55
275,276,10540,58,63,45,53
276,265,10551,54,65,46,55
277,276,10540,59,48,45,54
278,257,10559,44,63,46,54
279,263,10553,45,39,47,56
280,270,10546,54,47,47,54
281,291,10525,64,41,48,56
282,274,10542,63,80,47,56
283,277,10539,59,56,46,55
284,276,10540,46,47,47,56
285,284,10532,58,50,47,55
286,303,10513,64,45,47,57
287,302,10514,68,69,48,56
288,303,10513,73,72,48,57
289,301,10515,82,84,48,55
290,303,10513,69,67,47,57
291,297,10519,74,72,49,56
292,299,10517,78,76,48,57
293,295,10521,69,73,47,56
294,306,10510,81,70,48,58
295,287,10529,67,86,47,55
296,293,10523,77,71,47,54
297,285,10531,62,70,47,52
298,265,10551,65,85,47,52
299,250,10566,47,62,46,50
300,250,10566,52,52,47,50
301,233,10583,41,58,46,51
302,225,10591,39,47,46,52
303,230,10586,38,33,47,53
304,225,10591,35,40,47,53
305,237,10579,40,28,48,55
306,224,10592,35,48,46,52
307,219,10597,37,42,46,53
308,221,10595,39,37,45,52
309,227,10589,36,30,46,52
310,230,10586,41,38,45,51
311,226,10590,39,43,45,52
312,219,10597,44,51,44,50
313,217,10599,32,34,44,51
314,202,10614,31,46,43,52
315,212,10604,38,28,43,50
316,199,10617,28,41,43,52
317,199,10617,27,27,44,53
318,198,10618,22,23,44,53
319,201,10615,23,20,44,52
320,205,10611,26,22,44,52
321,209,10607,31,27,44,52
322,210,10606,28,27,44,53
323,218,10598,33,25,44,52
324,223,10593,36,31,44,52
325,223,10593,32,32,44,52
326,234,10582,40,29,45,52
327,218,10598,39,55,44,52
328,232,10584,41,27,45,52
329,222,10594,44,54,45,54
330,220,10596,32,34,44,53
331,226,10590,35,29,45,53
332,237,10579,41,30,45,53
333,232,10584,38,43,45,53
334,230,10586,38,40,45,53
335,235,10581,43,38,45,53
336,234,10582,36,37,45,53
337,237,10579,43,40,45,54
338,242,10574,45,40,45,53
339,233,10583,37,46,45,55
340,232,10584,46,47,44,54
341,235,10581,45,42,45,55
342,235,10581,44,44,45,54
343,230,10586,30,35,45,55
344,242,10574,37,25,45,54
345,224,10592,30,48,45,54
346,224,10592,31,31,45,55
347,226,10590,31,29,45,55
348,225,10591,33,34,45,56
349,233,10583,38,30,45,56
350,221,10595,32,44,45,56
351,230,10586,40,31,46,56
352,226,10590,33,37,45,56
353,236,10580,39,29,46,57
354,236,10580,41,41,46,57
355,251,10565,39,24,46,58
356,244,10572,48,55,46,57
357,256,10560,49,37,46,57
358,255,10561,55,56,46,57
359,262,10554,54,47,46,56
360,258,10558,49,53,46,55
361,268,10548,51,41,46,53
362,259,10557,56,65,46,55
363,269,10547,58,48,46,54
364,276,10540,63,56,47,56
365,261,10555,53,68,45,53
366,259,10557,57,59,45,54
367,273,10543,64,50,46,53
368,267,10549,55,61,45,53
369,288,10528,67,46,45,52
370,279,10537,65,74,45,52
371,292,10524,70,57,46,52
372,273,10543,61,80,46,54
373,286,10530,64,51,45,52
374,266,10550,61,81,46,54
375,260,10556,60,66,46,55
376,262,10554,56,54,46,57
377,262,10554,54,54,47,58
378,265,10551,55,52,47,59
379,260,10556,54,59,47,59
380,277,10539,67,50,49,62
381,264,10552,64,77,47,59
382,257,10559,66,73,47,60
383,271,10545,61,47,46,58
384,279,10537,82,74,47,60
385,277,10539,66,68,45,57
386,269,10547,66,74,46,58
387,297,10519,60,32,46,58
388,302,10514,67,62,47,58
389,315,10501,78,65,46,57
390,268,10548,53,100,47,61
391,276,10540,65,57,47,61
392,275,10541,65,66,47,60
393,256,10560,56,75,47,59
394,256,10560,54,54,47,60
395,253,10563,44,47,47,59
396,253,10563,48,48,47,59
397,262,10554,46,37,47,60
398,255,10561,48,55,47,60
399,234,10582,35,56,45,57
400,238,10578,35,31,46,58
401,231,10585,34,41,45,57
402,235,10581,36,32,45,57
403,233,10583,38,40,45,57
404,237,10579,39,35,45,58
405,236,10580,36,37,45,57
406,240,10576,37,33,46,58
407,234,10582,36,42,45,57
408,239,10577,39,34,46,58
409,234,10582,39,44,45,57
410,236,10580,37,35,45,57
411,236,10580,36,36,45,57
412,238,10578,37,35,45,57
413,235,10581,40,43,45,57
414,233,10583,39,41,45,57
415,229,10587,38,42,45,56
416,230,10586,36,35,45,56
417,233,10583,40,37,45,57
418,241,10575,39,31,45,57
419,244,10572,39,36,45,58
420,250,10566,47,41,45,58
421,257,10559,46,39,45,59
422,263,10553,57,51,45,59
423,266,10550,55,52,46,60
424,265,10551,62,63,46,60
425,277,10539,59,47,47,62
426,264,10552,56,69,46,60
427,267,10549,61,58,46,60
428,261,10555,51,57,45,59
429,268,10548,61,54,45,60
430,281,10535,65,52,45,61
431,273,10543,60,68,45,60
432,264,10552,56,65,45,59
433,261,10555,52,55,45,59
434,259,10557,54,56,44,58
435,256,10560,58,61,44,58
436,263,10553,64,57,43,58
437,255,10561,49,57,44,58
438,270,10546,61,46,44,59
439,274,10542,56,52,45,59
440,277,10539,61,58,45,60
441,282,10534,60,55,46,60
442,281,10535,73,74,45,60
443,271,10545,60,70,45,59
444,269,10547,60,62,46,60
445,270,10546,54,53,45,60
446,265,10551,55,60,45,59
447,278,10538,64,51,45,60
448,276,10540,56,58,46,60
449,281,10535,62,57,45,60
450,280,10536,62,63,46,60
451,281,10535,61,60,44,60
452,268,10548,56,69,46,60
453,266,10550,56,58,45,59
454,271,10545,58,53,46,60
455,269,10547,57,59,45,59
456,289,10527,66,46,46,61
457,280,10536,56,65,46,60
458,288,10528,65,57,46,61
459,282,10534,64,70,47,61
460,298,10518,75,59,47,61
461,289,10527,71,80,46,61
462,289,10527,67,67,47,61
463,276,10540,61,74,47,60
464,297,10519,70,49,48,61
465,257,10559,54,94,48,59
466,271,10545,58,44,48,60
467,269,10547,67,69,48,60
468,276,10540,57,50,48,60
469,261,10555,60,75,48,60
470,265,10551,61,57,48,60
471,273,10543,68,60,48,61
472,260,10556,61,74,48,59
473,257,10559,60,63,48,59
474,252,10564,48,53,48,59
475,263,10553,59,48,48,60
476,258,10558,56,61,48,59
477,279,10537,64,43,48,61
478,279,10537,72,72,49,61
479,281,10535,66,64,49,61
480,285,10531,73,69,50,61
481,279,10537,69,75,49,61
482,286,10530,78,71,49,61
483,277,10539,64,73,49,60
484,285,10531,63,55,49,61
485,275,10541,59,69,49,60
486,282,10534,64,57,49,61
487,281,10535,64,65,48,60
488,265,10551,66,82,48,59
489,281,10535,73,57,47,60
490,271,10545,64,74,47,60
491,299,10517,77,49,47,61
492,268,10548,65,96,47,59
493,268,10548,66,66,47,59
494,263,10553,62,67,47,59
495,264,10552,68,67,47,59
496,270,10546,54,48,47,59
497,261,10555,54,63,47,59
498,258,10558,63,66,46,58
499,245,10571,55,68,47,58
500,253,10563,61,53,46,58
501,234,10582,45,64,47,57
502,234,10582,47,47,46,56
503,243,10573,48,39,47,58
504,246,10570,45,42,47,58
505,258,10558,57,45,48,59
506,258,10558,48,48,48,59
507,266,10550,61,53,47,59
508,240,10576,49,75,47,57
509,248,10568,54,46,47,58
510,236,10580,47,59,47,57
511,247,10569,54,43,47,58
512,237,10579,60,70,47,57
513,246,10570,58,49,48,59
514,248,10568,61,59,46,58
515,228,10588,49,69,47,56
516,222,10594,41,47,48,56
517,218,10598,36,40,48,56
518,221,10595,41,38,48,56
519,214,10602,40,47,47,56
520,213,10603,38,39,47,55
521,217,10599,44,34,49,57
522,211,10605,32,38,47,56
523,219,10597,44,36,48,56
524,230,10586,44,33,49,58
525,227,10589,48,51,48,57
526,223,10593,50,54,48,57
527,238,10578,57,42,49,58
528,232,10584,55,61,49,58
529,238,10578,52,46,49,59
530,230,10586,52,60,49,58
531,251,10565,63,42,50,60
532,233,10583,47,65,49,58
533,242,10574,47,38,49,59
534,233,10583,45,54,49,58
535,245,10571,47,35,50,59
536,251,10565,44,38,50,60
537,261,10555,57,47,51,61
538,250,10566,53,64,50,60
539,269,10547,63,44,51,62
540,258,10558,61,72,51,61
541,274,10542,66,50,52,62
542,250,10566,53,77,51,60
543,249,10567,54,55,51,60
544,238,10578,45,56,51,59
545,226,10590,46,58,50,58
546,229,10587,42,39,50,59
547,230,10586,51,50,51,59
548,237,10579,54,47,51,60
549,222,10594,50,65,50,58
550,218,10598,43,47,50,58
551,215,10601,46,49,50,57
552,226,10590,53,42,51,59
553,218,10598,42,50,50,58
554,215,10601,41,44,50,57
555,228,10588,53,40,52,59
556,220,10596,51,59,51,58
557,235,10581,55,40,52,59
558,231,10585,57,61,51,59
559,239,10577,48,40,52,59
560,240,10576,50,49,52,59
561,244,10572,43,39,53,59
562,253,10563,50,41,53,60
563,269,10547,62,46,55,61
564,229,10587,43,83,52,58
565,231,10585,48,46,52,58
566,236,10580,51,46,52,59
567,229,10587,40,47,51,58
568,230,10586,43,42,51,58
569,245,10571,49,34,53,60
570,234,10582,41,52,52,59
571,235,10581,51,50,52,58
572,240,10576,50,45,52,59
573,240,10576,51,51,52,59
574,250,10566,52,42,53,60
575,239,10577,50,61,52,59
576,246,10570,54,47,53,59
577,239,10577,47,54,52,58
578,240,10576,53,52,52,58
579,231,10585,48,57,51,57
580,237,10579,57,51,51,58
581,244,10572,47,40,52,58
582,237,10579,54,61,51,58
583,253,10563,61,45,52,59
584,243,10573,59,69,52,58
585,245,10571,57,55,52,58
586,233,10583,51,63,51,57
587,244,10572,57,46,52,58
588,251,10565,59,52,52,58
589,246,10570,56,61,52,58
590,249,10567,54,51,53,58
591,239,10577,51,61,52,57
592,249,10567,55,45,52,57
593,235,10581,52,66,51,57
594,248,10568,52,39,52,58
595,253,10563,55,50,52,57
596,240,10576,55,68,51,56
597,249,10567,55,46,52,57
598,246,10570,60,63,51,56
599,251,10565,66,61,52,57
600,244,10572,65,72,51,56
601,235,10581,58,67,50,56
602,253,10563,66,48,52,57
603,255,10561,62,60,51,57
604,252,10564,62,65,52,57
605,252,10564,66,66,52,58
606,261,10555,66,57,52,58
607,269,10547,68,60,52,58
608,281,10535,78,66,53,58
609,275,10541,67,73,53,59
610,282,10534,81,74,53,59
611,295,10521,88,75,53,59
612,277,10539,84,102,52,59
613,295,10521,94,76,53,60
614,275,10541,80,100,52,59
615,275,10541,85,85,52,59
616,270,10546,77,82,52,58
617,287,10529,88,71,52,59
618,290,10526,88,85,52,59
619,278,10538,74,86,52,59
620,273,10543,70,75,52,58
621,286,10530,78,65,52,58
622,281,10535,80,85,52,58
623,284,10532,80,77,52,58
624,281,10535,86,89,52,58
625,278,10538,76,79,51,58
626,279,10537,73,72,51,59
627,278,10538,85,86,52,58
628,277,10539,86,87,52,59
629,282,10534,86,81,52,59
630,254,10562,69,97,52,58
631,258,10558,71,67,52,58
632,242,10574,65,81,51,58
633,242,10574,60,60,51,57
634,246,10570,64,60,51,57
635,238,10578,59,67,50,56
636,242,10574,62,58,51,56
637,233,10583,64,73,49,56
638,234,10582,52,51,50,56
639,243,10573,70,61,50,56
640,253,10563,64,54,50,57
641,257,10559,74,70,51,57
642,257,10559,74,74,51,57
643,261,10555,67,63,51,58
644,253,10563,59,67,52,57
645,246,10570,60,67,50,57
646,252,10564,64,58,51,57
647,241,10575,59,70,50,57
648,237,10579,56,60,50,57
649,249,10567,62,50,51,57
650,260,10556,57,46,51,58
651,268,10548,60,52,52,58
652,285,10531,54,37,53,59
653,287,10529,59,57,54,59
654,308,10508,80,59,54,60
655,298,10518,81,91,54,59
656,294,10522,90,94,53,59
657,287,10529,80,87,53,58
658,280,10536,78,85,52,58
659,291,10525,72,61,53,58
660,287,10529,76,80,52,58
661,280,10536,71,78,52,57
662,285,10531,70,65,52,57
663,277,10539,65,73,51,57
664,289,10527,76,64,50,58
665,281,10535,69,77,52,57
666,275,10541,64,70,51,57
667,280,10536,77,72,52,56
668,266,10550,68,82,51,56
669,271,10545,72,67,51,56
670,268,10548,66,69,50,56
671,261,10555,63,70,51,56
672,255,10561,60,66,50,55
673,263,10553,68,60,51,56
674,264,10552,69,68,52,55
675,264,10552,70,70,52,55
676,246,10570,62,80,51,55
677,248,10568,63,61,51,55
678,264,10552,64,48,52,55
679,254,10562,66,76,52,55
680,264,10552,70,60,53,55
681,252,10564,61,73,51,55
682,270,10546,72,54,53,55
683,287,10529,78,61,53,55
684,281,10535,72,78,53,55
685,294,10522,85,72,53,55
686,280,10536,78,92,52,55
687,300,10516,88,68,53,55
688,274,10542,77,103,52,55
689,267,10549,71,78,52,55
690,268,10548,70,69,51,55
691,266,10550,66,68,52,55
692,261,10555,75,80,50,55
693,251,10565,62,72,49,55
694,259,10557,70,62,49,55
695,254,10562,65,70,49,55
696,273,10543,73,54,49,55
697,254,10562,72,91,49,55
698,275,10541,79,58,50,55
699,258,10558,78,95,50,55
700,272,10544,80,66,52,55
701,268,10548,82,86,51,55
702,272,10544,77,73,52,55
703,266,10550,73,79,51,55
704,273,10543,85,78,50,55
705,254,10562,73,92,50,54
706,265,10551,79,68,50,54
707,260,10556,75,80,50,54
708,270,10546,71,61,50,54
709,260,10556,77,87,50,54
710,249,10567,66,77,49,54
711,266,10550,75,58,50,55
712,265,10551,74,75,49,55
713,280,10536,80,65,49,55
714,257,10559,72,95,48,54
715,275,10541,80,62,48,54
716,268,10548,86,93,48,55
717,259,10557,77,86,48,55
718,268,10548,74,65,48,55
719,274,10542,84,78,48,54
720,263,10553,77,88,49,55
721,251,10565,75,87,49,55
722,256,10560,78,73,49,54
723,259,10557,74,71,49,55
724,258,10558,69,70,49,55
725,264,10552,73,67,49,54
726,278,10538,73,59,50,55
727,282,10534,80,76,49,55
728,297,10519,82,67,51,56
729,279,10537,83,101,49,54
730,269,10547,83,93,49,54
731,291,10525,87,65,49,54
732,259,10557,71,103,49,54
733,269,10547,72,62,50,55
734,270,10546,71,70,50,55
735,259,10557,62,73,49,55
736,286,10530,77,50,49,55
737,273,10543,71,84,50,55
738,309,10507,91,55,50,55
739,280,10536,88,117,50,55
740,293,10523,85,72,51,55
741,284,10532,84,93,50,55
742,291,10525,79,72,50,55
743,273,10543,76,94,50,55
744,293,10523,85,65,52,56
745,264,10552,73,102,51,56
746,272,10544,78,70,51,55
747,274,10542,82,80,50,55
748,270,10546,80,84,50,55
749,295,10521,87,62,49,55
750,282,10534,75,88,51,55
751,292,10524,88,78,51,55
752,281,10535,77,88,52,55
753,281,10535,84,84,51,54
754,281,10535,88,88,51,54
755,270,10546,82,93,50,54
756,263,10553,75,82,51,55
757,253,10563,72,82,50,54
758,249,10567,58,62,50,54
759,246,10570,62,65,50,54
760,255,10561,66,57,50,53
761,251,10565,68,72,49,53
762,258,10558,64,57,49,53
763,263,10553,72,67,49,53
764,268,10548,71,66,49,53
765,247,10569,54,75,48,53
766,261,10555,63,49,48,53
767,248,10568,60,73,49,53
768,252,10564,59,55,49,53
769,245,10571,50,57,49,53
770,248,10568,52,49,49,53
771,250,10566,49,47,50,53
772,253,10563,56,53,49,53
773,265,10551,60,48,50,53
774,272,10544,64,57,50,52
775,283,10533,69,58,50,52
776,273,10543,69,79,50,53
777,264,10552,68,77,50,53
778,272,10544,66,58,49,53
779,271,10545,69,70,49,53
780,288,10528,73,56,48,52
781,272,10544,67,83,50,53
782,272,10544,64,64,50,53
783,287,10529,74,59,51,53
784,284,10532,68,71,50,53
785,272,10544,66,78,50,53
786,280,10536,64,56,50,52
787,286,10530,68,62,51,52
788,283,10533,72,75,50,52
789,275,10541,67,75,51,52
790,278,10538,74,71,50,52
791,274,10542,72,76,51,52
792,279,10537,69,64,50,52
793,281,10535,76,74,50,52
794,298,10518,78,61,51,52
795,286,10530,75,87,49,52
796,293,10523,80,73,48,51
797,292,10524,76,77,47,52
798,279,10537,76,89,47,52
799,288,10528,78,69,46,52
800,284,10532,84,88,46,52
801,302,10514,84,66,46,52
802,285,10531,78,95,46,52
803,293,10523,75,67,46,52
804,298,10518,82,77,46,52
805,300,10516,81,79,46,52
806,273,10543,73,100,46,52
807,282,10534,87,78,46,52
808,277,10539,72,77,47,52
809,286,10530,81,72,47,52
810,289,10527,80,77,48,53
811,285,10531,80,84,47,53
812,276,10540,77,86,48,53
813,269,10547,72,79,48,53
814,272,10544,69,66,48,53
815,264,10552,67,75,47,53
816,275,10541,75,64,48,54
817,264,10552,69,80,47,53
818,274,10542,74,64,47,53
819,273,10543,81,82,47,53
820,280,10536,84,77,47,53
821,269,10547,77,88,47,53
822,277,10539,75,67,47,53
823,271,10545,66,72,47,53
824,273,10543,66,64,47,53
825,283,10533,79,69,47,53
826,272,10544,78,89,47,53
827,267,10549,73,78,46,53
828,263,10553,67,71,46,53
829,265,10551,69,67,46,53
830,262,10554,69,72,46,53
831,270,10546,73,65,45,53
832,269,10547,69,70,46,53
833,281,10535,76,64,46,53
834,293,10523,81,69,46,53
835,294,10522,72,71,46,54
836,277,10539,71,88,46,54
837,273,10543,77,81,46,54
838,275,10541,78,76,46,54
839,293,10523,83,65,48,55
840,278,10538,88,103,47,55
841,296,10520,85,67,49,56
842,275,10541,80,101,46,55
843,278,10538,74,71,48,56
844,280,10536,83,81,47,55
845,296,10520,83,67,48,56
846,285,10531,77,88,49,56
847,291,10525,84,78,48,56
848,291,10525,83,83,48,56
849,289,10527,85,87,48,56
850,282,10534,85,92,47,55
851,291,10525,88,79,47,55
852,284,10532,80,87,48,56
853,303,10513,99,80,48,55
854,293,10523,88,98,49,56
855,305,10511,98,86,50,56
856,296,10520,91,100,49,56
857,295,10521,103,104,49,56
858,294,10522,98,99,49,56
859,288,10528,85,91,49,56
860,291,10525,93,90,49,56
861,281,10535,92,102,48,56
862,298,10518,93,76,49,57
863,286,10530,86,98,48,55
864,284,10532,96,98,49,57
865,273,10543,92,103,48,56
866,272,10544,90,91,48,56
867,270,10546,82,84,46,56
868,262,10554,78,86,47,56
869,258,10558,71,75,47,56
870,262,10554,79,75,48,57
871,253,10563,73,82,47,56
872,270,10546,79,62,49,57
873,257,10559,74,87,48,57
874,262,10554,86,81,48,57
875,252,10564,76,86,48,56
876,249,10567,72,75,46,56
877,249,10567,70,70,46,55
878,246,10570,75,78,48,56
879,260,10556,82,68,48,56
880,262,10554,78,76,48,56
881,260,10556,86,88,49,56
882,275,10541,81,66,49,56
883,276,10540,79,78,50,57
884,269,10547,77,84,50,57
885,237,10579,66,98,46,55
886,238,10578,72,71,47,56
887,238,10578,69,69,46,55
888,229,10587,64,73,47,56
889,231,10585,68,66,47,56
890,220,10596,59,70,47,56
891,214,10602,59,65,46,55
892,222,10594,63,55,47,55
893,213,10603,58,67,44,54
894,216,10600,58,55,46,55
895,213,10603,56,59,45,54
896,221,10595,58,50,45,55
897,225,10591,62,58,45,54
898,243,10573,66,48,46,55
899,226,10590,68,85,45,54
900,227,10589,68,67,45,54
901,222,10594,63,68,45,55
902,228,10588,66,60,45,54
903,237,10579,68,59,43,54
904,233,10583,70,74,44,54
905,236,10580,70,67,43,54
906,232,10584,65,69,42,53
907,252,10564,73,53,41,53
908,229,10587,61,84,42,54
909,225,10591,60,64,42,54
910,225,10591,62,62,43,54
911,220,10596,58,63,43,54
912,226,10590,53,47,43,54
913,224,10592,49,51,44,55
914,225,10591,58,57,44,55
915,229,10587,59,55,46,55
916,237,10579,76,68,46,55
917,235,10581,69,71,47,55
918,231,10585,68,72,47,55
919,249,10567,65,47,48,56
920,243,10573,68,74,49,56
921,229,10587,54,68,48,56
922,231,10585,61,59,48,56
923,214,10602,55,72,47,56
924,212,10604,51,53,46,56
925,204,10612,48,56,45,55
926,202,10614,47,49,45,56
927,198,10618,51,55,44,55
928,213,10603,58,43,45,56
929,208,10608,57,62,45,56
930,215,10601,47,40,45,56
931,219,10597,57,53,45,56
932,224,10592,54,49,46,56
933,217,10599,57,64,45,56
934,229,10587,64,52,46,56
935,239,10577,68,58,45,56
936,242,10574,66,63,47,56
937,248,10568,72,66,46,56
938,260,10556,78,66,47,56
939,271,10545,74,63,47,57
940,265,10551,73,79,48,57
941,282,10534,80,63,48,57
942,272,10544,82,92,48,57
943,285,10531,91,78,47,57
944,276,10540,80,89,46,56
945,304,10512,97,69,47,56
946,280,10536,93,117,47,56
947,294,10522,91,77,47,56
948,287,10529,84,91,47,56
949,283,10533,86,90,49,56
950,279,10537,83,87,49,56
951,278,10538,83,84,50,56
952,271,10545,79,86,49,56
953,271,10545,78,78,50,56
954,268,10548,73,76,49,56
955,273,10543,80,75,49,56
956,269,10547,80,84,48,55
957,265,10551,82,86,48,55
958,287,10529,96,74,49,56
959,276,10540,82,93,48,55
960,268,10548,82,90,48,55
961,266,10550,82,84,49,55
962,248,10568,68,86,47,55
963,266,10550,79,61,48,55
964,254,10562,76,88,46,55
965,269,10547,79,64,47,55
966,264,10552,78,83,47,55
967,277,10539,80,67,47,55
968,286,10530,81,72,48,56
969,285,10531,84,85,49,56
970,307,10509,90,68,50,57
971,302,10514,93,98,48,55
972,300,10516,92,94,48,56
973,305,10511,102,97,49,56
974,301,10515,107,111,49,56
975,301,10515,100,100,49,56
976,295,10521,91,97,48,56
977,300,10516,97,92,49,56
978,307,10509,100,93,50,56
979,310,10506,93,90,49,56
980,307,10509,100,103,49,56
981,307,10509,99,99,49,56
982,285,10531,81,103,48,55
983,276,10540,83,92,47,55
984,300,10516,98,74,48,55
985,278,10538,86,108,47,55
986,286,10530,89,81,48,55
987,275,10541,82,93,47,55
988,276,10540,78,77,47,55
989,286,10530,84,74,47,55
990,281,10535,82,87,47,55
991,294,10522,93,80,46,55
992,286,10530,89,97,47,55
993,294,10522,81,73,47,55
994,285,10531,86,95,47,55
995,282,10534,85,88,47,55
996,270,10546,81,93,47,56
997,292,10524,88,66,47,56
998,283,10533,97,106,48,56
999,304,10512,97,76,48,57
1000,286,10530,84,102,48,56
1001,281,10535,77,82,49,56
1002,268,10548,80,93,49,56
1003,283,10533,87,72,50,57
1004,248,10568,72,107,48,56
1005,236,10580,73,85,47,56
1006,232,10584,74,78,48,56
1007,216,10600,54,70,47,56
1008,220,10596,54,50,47,56
1009,226,10590,53,47,47,56
1010,230,10586,49,45,48,57
1011,234,10582,52,48,48,57
1012,238,10578,55,51,48,57
1013,246,10570,61,53,48,58
1014,241,10575,58,63,49,58
1015,243,10573,62,60,48,58
1016,255,10561,64,52,50,58
1017,259,10557,69,65,49,58
1018,254,10562,68,73,48,58
1019,260,10556,78,72,47,59
1020,264,10552,86,82,49,58
1021,267,10549,75,72,48,58
1022,292,10524,83,58,49,59
1023,281,10535,78,89,49,59
1024,271,10545,81,91,48,58
1025,258,10558,64,77,48,58
1026,273,10543,69,54,49,58
1027,275,10541,67,65,49,59
1028,285,10531,87,77,49,59
1029,295,10521,85,75,50,59
1030,277,10539,82,100,49,58
1031,278,10538,86,85,49,58
1032,258,10558,78,98,48,58
1033,269,10547,82,71,48,59
1034,265,10551,75,79,48,59
1035,279,10537,87,73,49,59
1036,282,10534,82,79,50,58
1037,253,10563,75,104,49,58
1038,263,10553,78,68,49,58
1039,255,10561,74,82,49,58
1040,260,10556,79,74,49,59
1041,273,10543,78,65,50,59
1042,286,10530,85,72,50,59
1043,286,10530,82,82,50,60
1044,260,10556,63,89,50,58
1045,247,10569,63,76,50,58
1046,252,10564,69,64,50,58
1047,254,10562,68,66,50,58
1048,270,10546,77,61,51,58
1049,267,10549,84,87,51,58
1050,277,10539,73,63,51,58
1051,278,10538,80,79,52,58
1052,286,10530,82,74,52,57
1053,278,10538,88,96,52,58
1054,275,10541,78,81,52,57
1055,279,10537,78,74,52,57
1056,294,10522,82,67,53,57
1057,311,10505,96,79,53,58
1058,307,10509,94,98,53,57
1059,322,10494,97,82,54,58
1060,309,10507,97,110,53,57
1061,324,10492,99,84,54,58
1062,308,10508,109,125,53,57
1063,301,10515,96,103,53,57
1064,302,10514,98,97,53,58
1065,315,10501,101,88,54,57
1066,318,10498,98,95,54,57
1067,329,10487,99,88,54,58
1068,339,10477,104,94,54,58
1069,353,10463,110,96,54,59
1070,356,10460,123,120,55,58
1071,349,10467,121,128,54,59
1072,356,10460,122,115,54,58
1073,368,10448,138,126,55,59
1074,386,10430,141,123,55,59
1075,381,10435,136,141,55,59
1076,366,10450,134,149,54,58
1077,385,10431,137,118,55,59
1078,349,10467,110,146,54,59
1079,348,10468,117,118,54,59
1080,356,10460,114,106,54,60
1081,335,10481,107,128,54,59
1082,323,10493,104,116,54,59
1083,320,10496,107,110,54,59
1084,337,10479,109,92,54,59
1085,320,10496,99,116,54,59
1086,328,10488,109,101,54,59
1087,320,10496,108,116,55,59
1088,324,10492,106,102,55,59
1089,324,10492,104,104,55,58
1090,313,10503,96,107,55,58
1091,309,10507,86,90,55,58
1092,297,10519,86,98,54,58
1093,289,10527,83,91,54,58
1094,321,10495,92,60,55,59
1095,296,10520,90,115,54,59
1096,275,10541,75,96,52,59
1097,271,10545,78,82,52,58
1098,276,10540,75,70,52,59
1099,283,10533,75,68,52,59
1100,296,10520,90,77,52,60
1101,290,10526,81,87,52,60
1102,292,10524,88,86,53,60
1103,273,10543,75,94,53,58
1104,300,10516,100,73,53,59
1105,275,10541,83,108,52,57
1106,286,10530,89,78,52,58
1107,284,10532,84,86,52,57
1108,279,10537,78,83,52,58
1109,276,10540,78,81,52,58
1110,272,10544,66,70,52,58
1111,282,10534,77,67,53,58
1112,291,10525,70,61,54,58
1113,292,10524,84,83,53,58
1114,279,10537,70,83,53,57
1115,281,10535,89,87,53,58
1116,283,10533,84,82,52,56
1117,282,10534,83,84,54,58
1118,265,10551,73,90,53,58
1119,271,10545,78,72,53,58
1120,265,10551,73,79,53,56
1121,272,10544,71,64,53,58
1122,254,10562,75,93,52,56
1123,264,10552,71,61,54,57
1124,261,10555,74,77,52,57
1125,255,10561,62,68,52,56
1126,253,10563,65,67,51,56
1127,261,10555,65,57,52,57
1128,248,10568,56,69,50,55
1129,239,10577,57,66,50,56
1130,224,10592,53,68,49,54
1131,230,10586,59,53,49,55
1132,239,10577,59,50,49,55
1133,228,10588,56,67,49,54
1134,252,10564,72,48,50,54
1135,244,10572,59,67,50,54
1136,235,10581,60,69,49,54
1137,241,10575,64,58,50,53
1138,238,10578,65,68,49,53
1139,246,10570,64,56,50,52
1140,244,10572,68,70,50,52
1141,243,10573,63,64,50,53
1142,240,10576,68,71,50,52
1143,254,10562,69,55,50,53
1144,248,10568,67,73,50,52
1145,267,10549,81,62,51,53
1146,266,10550,73,74,52,53
1147,255,10561,70,81,51,53
1148,267,10549,72,60,52,53
1149,242,10574,71,96,50,52
1150,247,10569,70,65,49,51
1151,242,10574,67,72,48,51
1152,257,10559,70,55,49,53
1153,256,10560,66,67,49,52
1154,270,10546,73,59,50,52
1155,264,10552,75,81,50,52
1156,273,10543,77,68,50,52
1157,271,10545,85,87,51,53
1158,267,10549,76,80,51,53
1159,267,10549,75,75,51,54
1160,241,10575,63,89,49,53
1161,243,10573,70,68,49,54
1162,237,10579,60,66,49,54
1163,253,10563,67,51,50,54
1164,263,10553,71,61,51,54
1165,271,10545,75,67,51,53
1166,282,10534,85,74,51,54
1167,281,10535,83,84,52,53
1168,282,10534,94,93,53,55
1169,288,10528,93,87,53,56
1170,293,10523,98,93,53,55
1171,289,10527,84,88,53,56
1172,293,10523,90,86,53,56
1173,319,10497,109,83,55,57
1174,303,10513,94,110,53,58
1175,318,10498,104,89,55,58
1176,296,10520,88,110,54,60
1177,305,10511,100,91,54,59
1178,307,10509,111,109,53,60
1179,297,10519,78,88,53,58
1180,285,10531,89,101,53,58
1181,285,10531,103,103,53,58
1182,299,10517,94,80,53,58
1183,293,10523,100,106,53,58
1184,321,10495,109,81,54,58
1185,328,10488,118,111,54,59
1186,330,10486,113,111,54,57
1187,334,10482,119,115,54,58
1188,339,10477,125,120,54,57
1189,351,10465,118,106,55,58
1190,340,10476,119,130,54,58
1191,356,10460,124,108,53,59
1192,357,10459,131,130,54,59
1193,341,10475,112,128,53,58
1194,351,10465,135,125,54,59
1195,311,10505,95,135,53,59
1196,350,10466,116,77,54,59
1197,286,10530,86,150,52,59
1198,285,10531,89,90,51,60
1199,286,10530,81,80,51,60
1200,320,10496,102,68,52,61
1201,311,10505,92,101,52,60
1202,321,10495,94,84,53,61
1203,316,10500,98,103,52,60
1204,326,10490,88,78,52,61
1205,339,10477,97,84,53,61
1206,337,10479,111,113,52,60
1207,346,10470,113,104,53,60
1208,355,10461,117,108,54,61
1209,368,10448,123,110,54,60
1210,368,10448,108,108,54,61
1211,400,10416,123,91,55,62
1212,371,10445,113,142,54,62
1213,390,10426,145,126,55,61
1214,399,10417,138,129,55,61
1215,386,10430,129,142,55,60
1216,378,10438,142,150,56,60
1217,331,10485,122,169,55,61
1218,355,10461,131,107,56,61
1219,318,10498,110,147,55,60
1220,329,10487,114,103,56,61
1221,329,10487,97,97,56,61
1222,316,10500,97,110,55,61
1223,357,10459,113,72,56,63
1224,318,10498,95,134,56,63
1225,322,10494,103,99,57,63
1226,323,10493,92,91,58,63
1227,322,10494,94,95,58,62
1228,337,10479,116,101,58,64
1229,328,10488,96,105,58,63
1230,356,10460,125,97,58,64
1231,343,10473,120,133,58,63
1232,374,10442,133,102,58,65
1233,347,10469,127,154,58,63
1234,350,10466,121,118,56,63
1235,355,10461,133,128,57,63
1236,338,10478,104,121,55,63
1237,346,10470,120,112,55,63
1238,355,10461,104,95,54,63
1239,332,10484,104,127,55,62
1240,313,10503,94,113,53,61
1241,305,10511,96,104,53,61
1242,333,10483,105,77,53,62
1243,335,10481,109,107,54,62
1244,370,10446,124,89,54,63
1245,363,10453,104,111,54,63
1246,374,10442,118,107,54,62
1247,415,10401,134,93,55,64
1248,386,10430,126,155,54,62
1249,383,10433,138,141,53,63
1250,384,10432,128,127,53,64
1251,365,10451,134,146,54,62
1252,387,10429,135,113,54,63
1253,385,10431,119,121,53,64
1254,396,10420,117,106,53,64
1255,400,10416,124,120,52,64
1256,419,10397,145,126,53,64
1257,419,10397,139,139,52,64
1258,399,10417,142,162,52,64
1259,399,10417,144,144,53,62
1260,385,10431,137,151,52,63
1261,386,10430,141,140,52,62
1262,358,10458,122,150,52,63
1263,380,10436,135,113,52,63
1264,362,10454,126,144,52,60
1265,360,10456,120,122,52,60
1266,372,10444,121,109,52,59
1267,383,10433,135,124,52,59
1268,367,10449,128,144,52,59
1269,378,10438,133,122,51,59
1270,358,10458,123,143,51,59
1271,363,10453,129,124,51,60
1272,331,10485,113,145,51,60
1273,339,10477,117,109,51,60
1274,319,10497,102,122,51,59
1275,337,10479,105,87,52,60
1276,349,10467,110,98,52,59
1277,360,10456,115,104,53,60
1278,385,10431,134,109,53,60
1279,380,10436,131,136,53,61
1280,370,10446,134,144,54,62
1281,362,10454,126,134,53,63
1282,364,10452,128,126,53,63
1283,363,10453,129,130,54,63
1284,374,10442,136,125,53,64
1285,368,10448,131,137,54,65
1286,360,10456,125,133,52,64
1287,397,10419,132,95,53,65
1288,404,10412,142,135,53,66
1289,439,10377,149,114,55,65
1290,399,10417,133,173,53,64
1291,391,10425,146,153,54,64
1292,388,10428,132,135,53,65
1293,389,10427,135,134,53,65
1294,388,10428,126,127,53,66
1295,361,10455,114,141,53,64
1296,365,10451,121,117,53,63
1297,344,10472,99,120,53,63
1298,364,10452,102,82,53,63
1299,336,10480,87,115,52,63
1300,342,10474,96,90,52,63
1301,335,10481,90,96,52,65
1302,336,10480,93,92,52,63
1303,340,10476,95,91,52,64
1304,333,10483,94,101,52,64
1305,313,10503,96,116,51,64
1306,320,10496,106,99,51,65
1307,323,10493,102,99,50,64
1308,307,10509,103,119,50,64
1309,327,10489,102,82,50,64
1310,304,10512,97,120,51,63
1311,295,10521,92,98,50,64
1312,308,10508,93,80,50,62
1313,288,10528,83,103,50,62
1314,292,10524,77,73,50,62
1315,293,10523,85,84,50,63
1316,284,10532,77,86,50,61
1317,301,10515,88,71,50,64
1318,282,10534,83,102,50,63
1319,300,10516,89,71,51,64
1320,296,10520,78,82,51,63
1321,297,10519,83,75,53,66
1322,288,10528,90,99,50,65
1323,315,10501,98,71,51,67
1324,305,10511,98,108,51,67
1325,339,10477,110,76,51,68
1326,312,10504,94,121,50,66
1327,335,10481,110,87,51,67
1328,333,10483,111,113,51,67
1329,357,10459,117,93,51,68
1330,336,10480,109,130,51,69
1331,321,10495,99,114,50,66
1332,332,10484,104,93,50,67
1333,317,10499,95,110,50,65
1334,337,10479,98,78,49,66
1335,339,10477,105,103,49,65
1336,327,10489,94,106,48,66
1337,345,10471,119,101,49,64
1338,317,10499,96,124,49,65
1339,329,10487,97,85,49,66
1340,326,10490,96,99,50,66
1341,356,10460,117,87,49,66
1342,321,10495,106,141,48,65
1343,315,10501,100,106,48,66
1344,312,10504,101,104,47,66
1345,319,10497,92,85,48,66
1346,313,10503,91,97,47,68
1347,338,10478,99,74,48,69
1348,332,10484,97,103,48,68
1349,346,10470,101,87,48,69
1350,351,10465,105,100,48,70
1351,342,10474,110,115,48,71
1352,365,10451,119,96,48,70
1353,367,10449,124,122,47,71
1354,381,10435,142,128,48,70
1355,356,10460,109,134,48,70
1356,381,10435,133,108,49,69
1357,383,10433,132,130,48,69
1358,379,10437,133,137,48,69
1359,384,10432,137,132,48,68
1360,380,10436,137,141,47,68
1361,377,10439,141,121,50,70
1362,340,10476,111,148,47,69
1363,331,10485,106,115,47,69
1364,338,10478,108,101,47,70
1365,330,10486,117,125,48,69
1366,332,10484,93,91,46,69
1367,328,10488,92,96,46,68
1368,335,10481,103,96,46,69
1369,332,10484,97,100,47,68
1370,341,10475,97,88,48,69
1371,334,10482,88,94,47,68
1372,335,10481,100,99,47,69
1373,347,10469,105,93,47,69
1374,341,10475,97,103,47,68
1375,349,10467,98,90,47,69
1376,355,10461,104,98,48,67
1377,353,10463,108,110,48,68
1378,363,10453,108,98,48,67
1379,364,10452,111,110,49,68
1380,363,10453,105,106,48,66
1381,374,10442,124,110,48,68
1382,399,10417,112,87,48,68
1383,374,10442,109,134,47,67
1384,384,10432,112,102,47,68
1385,380,10436,121,125,46,66
1386,406,10410,127,101,47,66
1387,391,10425,114,129,47,66
1388,399,10417,118,110,47,66
1389,408,10408,108,99,49,66
1390,386,10430,116,138,48,65
1391,404,10412,126,108,50,65
1392,383,10433,123,144,49,65
1393,385,10431,119,117,49,65
1394,384,10432,118,119,47,65
1395,375,10441,115,124,49,65
1396,375,10441,123,123,48,65
1397,398,10418,118,95,48,65
1398,399,10417,109,108,47,67
1399,407,10409,119,111,49,66
1400,394,10422,111,124,49,66
1401,421,10395,121,91,51,67
1402,407,10409,134,148,49,65
1403,433,10383,156,130,50,67
1404,437,10379,143,139,50,65
1405,436,10380,147,148,49,66
1406,465,10351,165,136,50,66
1407,477,10339,170,158,50,66
1408,434,10382,161,204,49,66
1409,436,10380,154,152,48,64
1410,394,10422,123,165,48,64
1411,403,10413,134,113,50,66
1412,397,10419,118,124,49,65
1413,375,10441,114,136,48,63
1414,377,10439,113,111,48,63
1415,353,10463,95,119,48,63
1416,375,10441,107,85,48,63
1417,349,10467,84,110,48,63
1418,361,10455,94,82,47,65
1419,337,10479,79,103,47,63
1420,346,10470,92,83,47,63
1421,355,10461,98,80,49,64
1422,345,10471,84,94,47,64
1423,357,10459,97,85,46,64
1424,341,10475,89,105,47,63
1425,369,10447,101,73,47,65
1426,341,10475,92,120,47,63
1427,359,10457,101,83,46,64
1428,364,10452,102,97,46,65
1429,375,10441,100,89,46,66
1430,368,10448,92,99,46,66
1431,349,10467,90,103,46,67
1432,354,10462,91,86,45,67
1433,363,10453,83,74,44,67
1434,363,10453,92,92,45,67
1435,371,10445,95,87,45,67
1436,383,10433,97,85,45,68
1437,363,10453,88,108,44,66
1438,350,10466,85,98,45,65
1439,372,10444,94,72,44,66
1440,364,10452,98,106,45,66
1441,367,10449,106,97,45,67
1442,366,10450,91,92,46,65
1443,363,10453,94,97,46,65
1444,380,10436,108,91,47,64
1445,354,10462,92,118,47,63
1446,360,10456,89,83,46,63
1447,352,10464,93,101,46,63
1448,375,10441,99,76,46,63
1449,397,10419,107,85,47,63
1450,394,10422,109,112,47,62
1451,404,10412,122,112,47,63
1452,423,10393,123,104,47,62
1453,411,10405,129,141,47,62
1454,427,10389,131,115,47,62
1455,431,10385,138,134,48,61
1456,432,10384,132,131,48,60
1457,438,10378,126,120,49,60
1458,450,10366,130,118,48,61
1459,467,10349,141,124,49,60
1460,489,10327,151,129,48,62
1461,475,10341,165,178,49,60
1462,461,10355,152,166,49,61
1463,489,10327,173,145,48,61
1464,504,10312,173,158,48,62
1465,521,10295,166,149,47,62
1466,484,10332,158,195,48,61
1467,523,10293,175,136,48,61
1468,522,10294,165,166,49,61
1469,544,10272,169,147,47,62
1470,531,10285,171,184,48,63
1471,543,10273,182,168,47,63
1472,547,10269,176,172,47,63
1473,565,10251,182,164,46,62
1474,539,10277,155,181,46,64
1475,566,10250,194,167,46,63
1476,592,10224,204,178,47,62
1477,536,10280,164,220,46,61
1478,570,10246,184,150,46,62
1479,547,10269,189,212,48,59
1480,518,10298,159,188,48,61
1481,509,10307,162,163,49,58
1482,483,10333,152,178,48,59
1483,493,10323,152,142,48,60
1484,469,10347,127,151,48,58
1485,481,10335,132,120,48,58
1486,463,10353,143,161,47,57
1487,453,10363,132,142,47,57
1488,453,10363,111,111,46,58
1489,466,10350,135,122,46,57
1490,495,10321,133,104,46,58
1491,494,10322,151,146,47,58
1492,464,10352,135,165,44,59
1493,491,10325,143,116,46,58
1494,445,10371,115,161,43,61
1495,448,10368,130,127,44,60
1496,429,10387,123,142,43,62
1497,446,10370,136,119,43,63
1498,437,10379,115,124,43,64
1499,429,10387,111,119,44,62
1500,447,10369,123,105,44,63
1501,451,10365,112,108,44,63
1502,456,10360,121,116,44,62
1503,469,10347,133,120,44,62
1504,453,10363,120,136,44,62
1505,446,10370,116,123,43,62
1506,481,10335,132,97,44,62
1507,487,10329,141,135,43,63
1508,523,10293,157,121,44,62
1509,532,10284,179,170,44,63
1510,532,10284,164,164,44,61
1511,488,10328,148,185,45,63
1512,516,10300,149,121,45,61
1513,522,10294,154,148,45,61
1514,567,10249,169,124,45,60
1515,476,10340,134,225,45,60
1516,514,10302,150,112,45,58
1517,493,10323,129,150,45,60
1518,493,10323,126,126,46,60
1519,517,10299,155,131,46,61
1520,477,10339,122,162,46,61
1521,488,10328,141,130,46,61
1522,471,10345,129,146,45,62
1523,483,10333,132,120,46,61
1524,457,10359,126,152,46,61
1525,483,10333,136,110,45,62
1526,465,10351,131,149,46,61
1527,455,10361,124,134,46,61
1528,437,10379,114,132,45,61
1529,434,10382,117,120,46,60
1530,430,10386,107,111,46,60
1531,436,10380,116,97,48,62
1532,450,10366,120,106,48,61
1533,435,10381,103,118,47,60
1534,439,10377,121,117,48,59
1535,426,10390,111,124,47,59
1536,412,10404,109,123,47,60
1537,411,10405,110,111,46,60
1538,387,10429,79,103,45,61
1539,384,10432,100,103,45,61
1540,398,10418,99,85,44,62
1541,382,10434,94,110,45,61
1542,405,10411,93,70,44,62
1543,407,10409,101,99,44,62
1544,407,10409,97,97,43,61
1545,411,10405,105,101,41,62
1546,419,10397,105,97,42,62
1547,399,10417,100,120,43,63
1548,428,10388,109,80,42,62
1549,421,10395,103,110,42,62
1550,425,10391,108,104,41,61
1551,445,10371,134,111,42,61
1552,451,10365,139,133,42,60
1553,444,10372,110,117,42,59
1554,435,10381,114,123,41,58
1555,447,10369,125,113,42,57
1556,449,10367,123,121,42,57
1557,455,10361,139,133,42,58
1558,462,10354,131,124,42,58
1559,459,10357,153,156,42,58
1560,461,10355,144,142,41,58
1561,449,10367,129,140,41,58
1562,459,10357,121,111,42,58
1563,466,10350,129,122,41,58
1564,468,10348,118,116,42,57
1565,449,10367,120,139,42,57
1566,458,10358,131,122,43,57
1567,450,10366,117,125,42,57
1568,446,10370,120,124,44,57
1569,458,10358,134,122,43,57
1570,474,10342,135,119,45,57
1571,452,10364,145,165,46,57
1572,475,10341,138,115,46,57
1573,482,10334,133,126,46,57
1574,528,10288,142,96,47,55
1575,504,10312,138,162,46,56
1576,513,10303,160,151,46,57
1577,504,10312,157,166,45,57
1578,543,10273,178,139,46,56
1579,518,10298,157,182,44,58
1580,535,10281,180,163,46,58
1581,550,10266,170,153,45,58
1582,543,10273,171,178,46,58
1583,536,10280,184,191,46,57
1584,526,10290,164,174,46,56
1585,534,10282,177,169,45,56
1586,545,10271,169,158,45,55
1587,555,10261,175,165,45,56
1588,555,10261,182,182,45,55
1589,549,10267,189,195,45,55
1590,524,10292,172,197,45,54
1591,552,10264,196,165,46,55
1592,494,10322,168,226,45,56
1593,503,10313,171,162,46,56
1594,497,10319,180,186,45,55
1595,478,10338,163,182,45,56
1596,483,10333,168,163,45,55
1597,467,10349,149,165,44,56
1598,466,10350,157,158,45,56
1599,462,10354,158,162,45,56
1600,441,10375,130,151,44,57
1601,457,10359,136,119,45,57
1602,430,10386,126,153,45,58
1603,460,10356,140,110,46,58
1604,455,10361,131,136,45,58
1605,440,10376,138,153,44,57
1606,430,10386,134,144,42,57
1607,438,10378,133,125,42,57
1608,440,10376,152,150,41,57
1609,418,10398,128,150,42,56
1610,405,10411,129,142,42,58
1611,414,10402,133,121,43,58
1612,400,10416,121,135,44,58
1613,358,10458,107,149,44,59
1614,345,10471,103,116,44,59
1615,357,10459,105,93,44,59
1616,365,10451,119,111,44,59
1617,374,10442,109,100,43,59
1618,384,10432,114,104,43,59
1619,401,10415,123,106,42,58
1620,392,10424,122,131,43,58
1621,428,10388,141,104,42,58
1622,422,10394,142,148,44,59
1623,446,10370,157,133,43,58
1624,443,10373,147,150,44,59
1625,466,10350,167,144,43,58
1626,460,10356,140,146,44,58
1627,479,10337,162,143,44,58
1628,501,10315,163,141,44,58
1629,453,10363,147,195,42,57
1630,456,10360,164,161,42,57
1631,451,10365,140,145,42,57
1632,444,10372,145,152,42,57
1633,423,10393,135,156,43,58
1634,449,10367,137,111,43,58
1635,437,10379,130,142,43,58
1636,451,10365,126,112,42,58
1637,468,10348,148,131,41,58
1638,434,10382,129,163,42,58
1639,437,10379,142,139,42,58
1640,436,10380,146,147,42,58
1641,431,10385,140,145,42,59
1642,428,10388,128,131,42,59
1643,432,10384,128,124,41,59
1644,426,10390,128,134,42,58
1645,431,10385,131,126,41,58
1646,445,10371,147,133,41,58
1647,441,10375,142,146,41,59
1648,427,10389,132,146,41,60
1649,428,10388,130,129,41,60
1650,418,10398,125,135,41,60
1651,424,10392,121,115,41,60
1652,436,10380,124,112,41,60
1653,449,10367,132,119,40,60
1654,453,10363,141,137,40,60
1655,426,10390,121,148,41,60
1656,435,10381,133,124,41,61
1657,430,10386,145,150,41,61
1658,435,10381,135,130,41,61
1659,432,10384,135,138,41,61
1660,450,10366,143,125,41,60
1661,429,10387,125,146,41,61
1662,442,10374,138,125,41,60
1663,440,10376,133,135,40,60
1664,428,10388,133,145,40,60
1665,426,10390,129,131,41,60
1666,439,10377,130,117,40,60
1667,439,10377,118,118,40,60
1668,460,10356,128,107,40,60
1669,446,10370,122,136,40,60
1670,444,10372,140,142,40,59
1671,443,10373,132,133,41,59
1672,450,10366,134,127,40,59
1673,434,10382,130,146,40,59
1674,455,10361,146,125,39,59
1675,436,10380,135,154,39,59
1676,448,10368,147,135,38,59
1677,438,10378,142,152,38,59
1678,446,10370,141,133,39,59
1679,451,10365,139,134,38,58
1680,428,10388,129,152,40,58
1681,411,10405,127,142,41,58
1682,394,10422,114,131,42,58
1683,408,10408,123,109,41,58
1684,409,10407,125,124,41,58
1685,412,10404,118,115,41,57
1686,415,10401,133,130,41,58
1687,404,10412,130,141,41,57
1688,427,10389,126,103,40,56
1689,415,10401,132,144,39,57
1690,435,10381,134,114,40,57
1691,398,10418,134,171,41,57
1692,432,10384,134,100,40,56
1693,397,10419,121,156,41,57
1694,423,10393,127,101,40,56
1695,409,10407,119,133,42,56
1696,424,10392,126,111,42,55
1697,379,10437,115,160,42,57
1698,382,10434,120,117,42,57
1699,394,10422,116,104,42,57
1700,381,10435,105,118,42,57
1701,378,10438,106,109,42,57
1702,408,10408,114,84,40,56
1703,386,10430,108,130,41,57
1704,410,10406,118,94,40,55
1705,384,10432,113,139,41,57
1706,399,10417,106,91,40,56
1707,401,10415,115,113,40,56
1708,421,10395,117,97,39,55
1709,430,10386,124,115,39,55
1710,423,10393,131,138,39,55
1711,403,10413,125,137,41,57
1712,406,10410,122,119,40,56
1713,414,10402,128,120,39,56
1714,406,10410,120,128,40,56
1715,413,10403,118,111,39,56
1716,412,10404,119,120,40,56
1717,421,10395,114,105,40,55
1718,432,10384,123,112,39,55
1719,438,10378,128,122,39,55
1720,416,10400,124,146,40,56
1721,442,10374,138,109,39,56
1722,429,10387,126,139,39,56
1723,424,10392,122,127,40,55
1724,413,10403,123,134,40,55
1725,419,10397,122,116,40,55
1726,414,10402,116,121,40,54
1727,421,10395,116,109,39,55
1728,434,10382,134,121,39,53
1729,418,10398,116,132,39,54
1730,417,10399,119,120,40,53
1731,408,10408,118,127,40,54
1732,398,10418,116,126,41,54
1733,405,10411,124,117,40,54
1734,415,10401,125,115,39,54
1735,409,10407,117,123,40,54
1736,435,10381,128,102,38,54
1737,410,10406,131,156,40,55
1738,430,10386,132,112,38,54
1739,417,10399,126,139,40,55
1740,419,10397,135,133,39,54
1741,396,10420,115,128,41,57
1742,390,10426,110,116,41,57
1743,393,10423,106,103,41,57
1744,399,10417,115,109,41,57
1745,392,10424,105,112,42,57
1746,416,10400,127,103,40,57
1747,408,10408,120,128,41,57
1748,414,10402,131,125,40,57
1749,403,10413,137,148,42,57
1750,396,10420,116,123,42,57
1751,410,10406,134,120,41,57
1752,408,10408,108,110,41,57
1753,428,10388,117,97,40,56
1754,415,10401,121,134,41,56
1755,410,10406,122,127,41,56
1756,403,10413,117,124,42,57
1757,402,10414,118,119,42,57
1758,398,10418,117,121,42,58
1759,396,10420,117,119,42,57
1760,381,10435,107,122,42,58
1761,392,10424,111,100,42,58
1762,383,10433,107,116,42,59
1763,396,10420,119,106,42,59
1764,372,10444,105,129,43,60
1765,374,10442,109,107,43,61
1766,362,10454,96,108,43,62
1767,360,10456,97,99,44,62
1768,360,10456,98,98,43,63
1769,351,10465,95,104,44,63
1770,383,10433,110,78,42,63
1771,366,10450,100,116,43,63
1772,389,10427,115,92,42,62
1773,374,10442,109,124,43,62
1774,400,10416,114,88,42,62
1775,388,10428,121,133,42,63
1776,384,10432,108,112,42,62
1777,362,10454,104,126,44,63
1778,350,10466,91,103,45,63
1779,346,10470,97,101,45,63
1780,341,10475,92,97,45,63
1781,333,10483,88,96,46,63
1782,324,10492,79,88,47,63
1783,332,10484,80,72,46,63
1784,332,10484,83,83,46,63
1785,349,10467,90,73,45,63
1786,338,10478,84,95,46,63
1787,337,10479,86,87,47,63
1788,338,10478,89,88,46,63
1789,334,10482,84,88,46,63
1790,338,10478,90,86,47,62
1791,345,10471,87,80,46,63
1792,348,10468,90,87,46,62
1793,342,10474,89,95,46,63
1794,346,10470,92,88,46,62
1795,339,10477,88,95,46,62
1796,341,10475,90,88,46,63
1797,346,10470,85,80,46,63
1798,349,10467,90,87,45,63
1799,347,10469,84,86,46,63
1800,354,10462,89,82,45,63
1801,352,10464,95,97,45,63
1802,348,10468,84,88,46,63
1803,348,10468,89,89,45,62
1804,340,10476,86,94,46,63
1805,342,10474,85,83,46,63
1806,346,10470,89,85,45,63
1807,348,10468,88,86,46,63
1808,345,10471,83,86,46,63
1809,350,10466,86,81,46,62
1810,340,10476,82,92,46,63
1811,347,10469,87,80,46,62
1812,344,10472,87,90,46,62
1813,352,10464,89,81,47,62
1814,334,10482,83,101,46,62
1815,335,10481,83,82,46,62
1816,317,10499,78,96,46,63
1817,314,10502,75,78,47,63
1818,321,10495,73,66,46,63
1819,308,10508,65,78,47,63
1820,314,10502,70,64,47,63
1821,309,10507,71,76,47,63
1822,310,10506,69,68,47,63
1823,314,10502,75,71,46,63
1824,317,10499,65,62,46,63
1825,317,10499,69,69,47,63
1826,310,10506,72,79,47,63
1827,316,10500,69,63,46,63
1828,313,10503,69,72,46,63
1829,314,10502,67,66,46,63
1830,321,10495,65,58,45,63
1831,315,10501,66,72,46,63
1832,322,10494,71,64,45,63
1833,324,10492,70,68,45,63
1834,323,10493,73,74,45,63
1835,336,10480,72,59,44,63
1836,334,10482,81,83,44,63
1837,349,10467,79,64,42,63
1838,344,10472,81,86,43,63
1839,360,10456,85,69,42,63
1840,357,10459,82,85,41,63
1841,349,10467,85,82,43,65
1842,359,10457,89,79,41,63
1843,353,10463,83,89,42,63
1844,367,10449,86,72,41,63
1845,356,10460,85,96,42,63
1846,347,10469,82,91,42,63
1847,355,10461,83,75,42,63
1848,344,10472,80,91,42,63
1849,353,10463,84,75,42,63
1850,343,10473,80,90,43,63
1851,323,10493,77,90,46,64
1852,310,10506,68,81,46,63
1853,313,10503,68,65,46,63
1854,309,10507,64,68,47,63
1855,308,10508,61,62,47,63
1856,309,10507,58,57,47,63
1857,309,10507,56,56,47,63
1858,310,10506,58,57,47,63
1859,307,10509,57,60,47,63
1860,312,10504,63,58,47,63
1861,306,10510,58,64,47,63
1862,304,10512,60,62,47,63
1863,309,10507,60,55,47,63
1864,302,10514,57,64,47,63
1865,301,10515,61,62,47,63
1866,299,10517,58,60,48,63
1867,300,10516,58,57,48,63
1868,304,10512,61,57,48,63
1869,310,10506,59,53,47,63
1870,307,10509,60,63,47,63
1871,313,10503,68,62,47,63
1872,311,10505,62,64,47,63
1873,309,10507,62,64,47,63
1874,318,10498,67,58,46,63
1875,313,10503,64,69,47,63
1876,314,10502,64,63,47,63
1877,311,10505,64,67,47,63
1878,314,10502,64,61,47,63
1879,318,10498,68,64,46,63
1880,322,10494,67,63,46,63
1881,326,10490,69,65,46,63
1882,328,10488,67,65,45,63
1883,330,10486,77,75,45,63
1884,350,10466,78,58,44,63
1885,336,10480,82,96,45,63
1886,344,10472,81,73,44,63
1887,344,10472,83,83,45,63
1888,353,10463,83,74,44,63
1889,336,10480,76,93,45,63
1890,354,10462,85,67,43,63
1891,349,10467,83,88,44,63
1892,350,10466,76,75,43,63
1893,331,10485,70,89,45,63
1894,333,10483,68,66,45,63
1895,335,10481,71,69,45,63
1896,333,10483,72,74,45,63
1897,339,10477,71,65,45,63
1898,347,10469,79,71,45,63
1899,349,10467,82,80,45,63
1900,349,10467,86,86,45,63
1901,335,10481,78,92,47,63
1902,340,10476,81,76,47,63
1903,344,10472,74,70,47,63
1904,338,10478,74,80,47,63
1905,348,10468,82,72,46,63
1906,343,10473,76,81,47,63
1907,352,10464,77,68,47,63
1908,341,10475,76,87,46,63
1909,338,10478,78,81,47,63
1910,333,10483,69,74,47,63
1911,347,10469,76,61,46,63
1912,352,10464,76,71,46,63
1913,361,10455,80,71,46,63
1914,358,10458,88,91,45,63
1915,365,10451,88,81,44,63
1916,364,10452,92,93,45,63
1917,366,10450,92,90,45,63
1918,355,10461,86,97,45,63
1919,355,10461,75,75,45,63
1920,360,10456,78,73,45,63
1921,352,10464,83,81,46,65
1922,350,10466,81,83,45,63
1923,349,10467,76,77,45,63
1924,340,10476,73,82,46,63
1925,349,10467,73,64,45,63
1926,357,10459,83,75,46,63
1927,354,10462,77,80,45,63
1928,366,10450,86,74,45,63
1929,349,10467,73,90,45,63
1930,341,10475,74,82,44,63
1931,343,10473,80,74,45,64
1932,343,10473,75,75,44,64
1933,344,10472,72,71,45,64
1934,369,10447,79,54,44,64
1935,361,10455,75,83,45,64
1936,370,10446,86,77,44,64
1937,369,10447,86,87,45,64
1938,378,10438,88,79,45,64
1939,367,10449,85,96,45,63
1940,381,10435,96,82,45,64
1941,358,10458,80,100,46,64
1942,359,10457,81,80,47,63
1943,347,10469,77,89,47,63
1944,364,10452,85,68,46,63
1945,354,10462,82,92,46,63
1946,373,10443,86,67,46,63
1947,363,10453,88,98,46,63
1948,362,10454,87,88,45,63
1949,364,10452,88,86,44,63
1950,369,10447,82,77,43,62
1951,361,10455,89,94,45,63
1952,367,10449,86,80,44,63
1953,370,10446,81,78,45,63
1954,368,10448,81,83,44,62
1955,370,10446,83,81,44,63
1956,374,10442,94,90,44,63
1957,380,10436,88,82,44,63
1958,376,10440,88,92,43,62
1959,374,10442,88,90,44,63
1960,373,10443,89,90,44,63
1961,377,10439,100,96,43,63
1962,372,10444,89,94,43,62
1963,386,10430,92,78,43,62
1964,382,10434,97,101,44,63
1965,379,10437,100,103,44,63
1966,379,10437,100,100,45,63
1967,372,10444,94,101,45,62
1968,369,10447,91,94,45,62
1969,360,10456,93,102,45,63
1970,364,10452,97,93,46,62
1971,362,10454,87,89,46,63
1972,375,10441,97,84,46,62
1973,372,10444,96,99,46,63
1974,381,10435,111,102,46,63
1975,372,10444,96,105,47,63
1976,377,10439,103,98,47,63
1977,359,10457,91,109,47,63
1978,363,10453,101,97,48,63
1979,360,10456,99,102,48,63
1980,347,10469,86,99,48,63
1981,354,10462,89,82,47,63
1982,333,10483,84,105,47,63
1983,342,10474,86,77,46,63
1984,326,10490,71,87,47,63
1985,320,10496,77,83,48,63
1986,305,10511,66,81,47,63
1987,306,10510,71,70,47,63
1988,301,10515,64,69,47,63
1989,295,10521,65,71,47,63
1990,299,10517,67,63,47,63
1991,287,10529,58,70,47,63
1992,303,10513,70,54,46,63
1993,295,10521,67,75,47,63
1994,306,10510,66,55,47,63
1995,291,10525,61,76,46,63
1996,289,10527,63,65,46,63
1997,286,10530,61,64,46,63
1998,288,10528,62,60,45,62
1999,289,10527,65,64,45,62
2000,300,10516,63,52,43,62
2001,282,10534,60,78,46,62
2002,280,10536,55,57,46,62
2003,278,10538,57,59,46,62
2004,274,10542,59,63,47,63
2005,272,10544,56,58,47,63
2006,266,10550,52,58,48,63
2007,265,10551,54,55,48,63
2008,268,10548,53,50,48,63
2009,267,10549,53,54,48,63
2010,271,10545,54,50,47,63
2011,273,10543,58,56,47,63
2012,281,10535,58,50,46,62
2013,277,10539,58,62,46,62
2014,277,10539,62,62,46,62
2015,286,10530,63,54,45,62
2016,279,10537,63,70,46,62
2017,286,10530,64,57,45,62
2018,282,10534,61,65,46,62
2019,283,10533,65,64,46,62
2020,281,10535,57,59,46,62
2021,286,10530,59,54,45,62
2022,284,10532,59,61,45,62
2023,295,10521,65,54,44,62
2024,284,10532,64,75,45,62
2025,288,10528,64,60,45,62
2026,287,10529,64,65,45,62
2027,294,10522,65,58,44,62
2028,289,10527,62,67,45,62
2029,285,10531,64,68,45,62
2030,279,10537,63,69,46,62
2031,288,10528,62,53,45,62
2032,282,10534,60,66,46,62
2033,282,10534,62,62,46,62
2034,283,10533,63,62,46,62
2035,277,10539,62,68,46,62
2036,281,10535,62,58,46,62
2037,278,10538,58,61,46,62
2038,292,10524,62,48,45,62
2039,278,10538,60,74,46,62
2040,292,10524,66,52,45,62
2041,274,10542,64,82,47,62
2042,269,10547,58,63,48,63
2043,268,10548,56,57,48,63
2044,263,10553,54,59,49,63
2045,263,10553,53,53,48,63
2046,265,10551,55,53,48,63
2047,266,10550,54,53,48,63
2048,269,10547,55,52,48,63
2049,265,10551,53,57,48,63
2050,267,10549,54,52,48,63
2051,266,10550,55,56,48,63
2052,268,10548,55,53,48,63
2053,271,10545,56,53,47,63
2054,273,10543,59,57,47,63
2055,275,10541,59,57,47,62
2056,277,10539,63,61,46,62
2057,275,10541,57,59,47,62
2058,278,10538,62,59,46,62
2059,275,10541,57,60,47,62
2060,281,10535,65,59,46,62
2061,283,10533,64,62,46,62
2062,273,10543,60,70,47,63
2063,282,10534,60,51,46,62
2064,286,10530,66,62,45,62
2065,288,10528,66,64,45,62
2066,299,10517,71,60,44,61
2067,293,10523,68,74,45,61
2068,297,10519,71,67,44,61
2069,300,10516,73,70,44,61
2070,283,10533,64,81,46,62
2071,281,10535,61,63,46,62
2072,277,10539,59,63,47,62
2073,282,10534,59,54,46,62
2074,275,10541,59,66,47,62
2075,271,10545,52,56,47,62
2076,271,10545,56,56,47,62
2077,274,10542,53,50,47,62
2078,272,10544,52,54,47,62
2079,273,10543,53,52,47,62
2080,275,10541,54,52,47,62
2081,278,10538,54,51,46,62
2082,277,10539,55,56,47,62
2083,288,10528,62,51,45,61
2084,273,10543,54,69,47,62
2085,273,10543,55,55,47,62
2086,266,10550,52,59,48,63
2087,262,10554,50,54,49,63
2088,258,10558,48,52,50,64
2089,258,10558,48,48,50,64
2090,258,10558,48,48,50,64
2091,258,10558,48,48,50,64
2092,258,10558,48,48,50,64
2093,258,10558,48,48,50,64
2094,258,10558,48,48,50,64
2095,258,10558,48,48,50,64
2096,258,10558,48,48,50,64
2097,258,10558,48,48,50,64
2098,258,10558,48,48,50,64
2099,258,10558,48,48,50,64
2100,258,10558,48,48,50,64
2101,258,10558,48,48,50,64
2102,258,10558,48,48,50,64
2103,258,10558,48,48,50,64
2104,258,10558,48,48,50,64
2105,258,10558,48,48,50,64
2106,258,10558,48,48,50,64
2107,258,10558,48,48,50,64
2108,260,10556,50,48,50,64
2109,257,10559,50,53,50,64
2110,257,10559,49,49,50,64
2111,257,10559,51,51,50,64
2112,258,10558,50,49,50,64
2113,259,10557,50,49,50,64
2114,259,10557,46,46,50,64
2115,259,10557,46,46,50,64
2116,259,10557,46,46,50,64
2117,259,10557,46,46,50,64
2118,259,10557,46,46,50,64
2119,259,10557,46,46,50,64
2120,259,10557,46,46,50,64
2121,259,10557,46,46,50,64
2122,259,10557,46,46,50,64
2123,259,10557,46,46,50,64
2124,259,10557,46,46,50,64
2125,259,10557,46,46,50,64
2126,259,10557,46,46,50,64
2127,259,10557,46,46,50,64
2128,259,10557,46,46,50,64
2129,259,10557,46,46,50,64
